ID,Nombre,Tipo,Total,HP,Ataque,Defensa,Sp. Atk,Sp. Def,Velocidad,País
1,Bulbasaur,Grass/Poison,318,45,49,49,65,65,45,Costa Rica
2,Ivysaur,Grass/Poison,405,60,62,63,80,80,60,Vietnam
3,Venusaur,Grass/Poison,525,80,82,83,100,100,80,Vietnam
3,Venusaur,Grass/Poison,625,80,100,123,122,120,80,Colombia
4,Charmander,Fire,309,39,52,43,60,50,65,Italia
5,Charmeleon,Fire,405,58,64,58,80,65,80,Italia
6,Charizard,Fire/Flying,534,78,84,78,109,85,100,México
6,Charizard,Fire/Dragon,634,78,130,111,130,85,100,España
6,Charizard,Fire/Flying,634,78,104,78,159,115,100,Italia
7,Squirtle,Water,314,44,48,65,50,64,43,Brasil
8,Wartortle,Water,405,59,63,80,65,80,58,Filipinas
9,Blastoise,Water,530,79,83,100,85,105,78,Australia
9,Blastoise,Water,630,79,103,120,135,115,78,Brasil
10,Caterpie,Bug,195,45,30,35,20,20,45,Sudáfrica
11,Metapod,Bug,205,50,20,55,25,25,30,Canadá
12,Butterfree,Bug/Flying,395,60,45,50,90,80,70,Sudáfrica
13,Weedle,Bug/Poison,195,40,35,30,20,20,50,Sudáfrica
14,Kakuna,Bug/Poison,205,45,25,50,25,25,35,China
15,Beedrill,Bug/Poison,395,65,90,40,45,80,75,India
15,Beedrill,Bug/Poison,495,65,150,40,15,80,145,China
16,Pidgey,Normal/Flying,251,40,45,40,35,35,56,Argentina
17,Pidgeotto,Normal/Flying,349,63,60,55,50,50,71,Sudáfrica
18,Pidgeot,Normal/Flying,479,83,80,75,70,70,101,Argentina
18,Pidgeot,Normal/Flying,579,83,80,80,135,80,121,Rusia
19,Rattata,Normal,253,30,56,35,25,35,72,Francia
19,Rattata,Dark/Normal,253,30,56,35,25,35,72,Rusia
20,Raticate,Normal,413,55,81,60,50,70,97,China
20,Raticate,Dark/Normal,413,75,71,70,40,80,77,India
21,Spearow,Normal/Flying,262,40,60,30,31,31,70,India
22,Fearow,Normal/Flying,442,65,90,65,61,61,100,Argentina
23,Ekans,Poison,288,35,60,44,40,54,55,China
24,Arbok,Poison,448,60,95,69,65,79,80,India
25,Pikachu,Electric,320,35,55,40,50,50,90,Corea del Sur
25,Pikachu,Electric,430,45,80,50,75,60,120,Estados Unidos
26,Raichu,Electric,485,60,90,55,90,80,110,Corea del Sur
26,Raichu,Electric/Psychic,485,60,85,50,95,85,110,Corea del Sur
27,Sandshrew,Ground,300,50,75,85,20,30,40,Argentina
27,Sandshrew,Ice/Steel,300,50,75,90,10,35,40,India
28,Sandslash,Ground,450,75,100,110,45,55,65,India
28,Sandslash,Ice/Steel,450,75,100,120,25,65,65,Francia
29,Nidoran♀,Poison,275,55,47,52,40,40,41,Rusia
30,Nidorina,Poison,365,70,62,67,55,55,56,China
31,Nidoqueen,Poison/Ground,505,90,92,87,75,85,76,Sudáfrica
32,Nidoran♂,Poison,273,46,57,40,40,40,50,India
33,Nidorino,Poison,365,61,72,57,55,55,65,Argentina
34,Nidoking,Poison/Ground,505,81,102,77,85,75,85,Canadá
35,Clefairy,Fairy,323,70,45,48,60,65,35,Rusia
36,Clefable,Fairy,483,95,70,73,95,90,60,China
37,Vulpix,Fire,299,38,41,40,50,65,65,Egipto
37,Vulpix,Ice,299,38,41,40,50,65,65,Canadá
38,Ninetales,Fire,505,73,76,75,81,100,100,Italia
38,Ninetales,Ice/Fairy,505,73,67,75,81,100,109,Canadá
39,Jigglypuff,Normal/Fairy,270,115,45,20,45,25,20,Sudáfrica
40,Wigglytuff,Normal/Fairy,435,140,70,45,85,50,45,Argentina
41,Zubat,Poison/Flying,245,40,45,35,30,40,55,Canadá
42,Golbat,Poison/Flying,455,75,80,70,65,75,90,India
43,Oddish,Grass/Poison,320,45,50,55,75,65,30,Vietnam
44,Gloom,Grass/Poison,395,60,65,70,85,75,40,Costa Rica
45,Vileplume,Grass/Poison,490,75,80,85,110,90,50,Costa Rica
46,Paras,Bug/Grass,285,35,70,55,45,55,25,Vietnam
47,Parasect,Bug/Grass,405,60,95,80,60,80,30,Congo
48,Venonat,Bug/Poison,305,60,55,50,40,55,45,Sudáfrica
49,Venomoth,Bug/Poison,450,70,65,60,90,75,90,Francia
50,Diglett,Ground,265,10,55,25,35,45,95,India
50,Diglett,Ground/Steel,265,10,55,30,35,45,90,Canadá
51,Dugtrio,Ground,425,35,100,50,50,70,120,Sudáfrica
51,Dugtrio,Ground/Steel,425,35,100,60,50,70,110,China
52,Meowth,Normal,290,40,45,35,40,40,90,China
52,Meowth,Dark,290,40,35,35,50,40,90,China
52,Meowth,Steel,290,50,65,55,40,40,40,Canadá
53,Persian,Normal,440,65,70,60,65,65,115,Rusia
53,Persian,Dark,440,65,60,60,75,65,115,Argentina
54,Psyduck,Water,320,50,52,48,65,50,55,Japón
55,Golduck,Water,500,80,82,78,95,80,85,Filipinas
56,Mankey,Fighting,305,40,80,35,35,45,70,Canadá
57,Primeape,Fighting,455,65,105,60,60,70,95,Rusia
58,Growlithe,Fire,350,55,70,45,70,50,60,Egipto
58,Growlithe,Fire/Rock,350,60,75,45,65,50,55,España
59,Arcanine,Fire,555,90,110,80,100,80,95,España
59,Arcanine,Fire/Rock,555,95,115,80,95,80,90,España
60,Poliwag,Water,300,40,50,40,40,40,90,Brasil
61,Poliwhirl,Water,385,65,65,65,50,50,90,Brasil
62,Poliwrath,Water/Fighting,510,90,95,95,70,90,70,Japón
63,Abra,Psychic,310,25,20,15,105,55,90,Sudáfrica
64,Kadabra,Psychic,400,40,35,30,120,70,105,India
65,Alakazam,Psychic,500,55,50,45,135,95,120,India
65,Alakazam,Psychic,600,55,50,65,175,105,150,Canadá
66,Machop,Fighting,305,70,80,50,35,35,35,Francia
67,Machoke,Fighting,405,80,100,70,50,60,45,India
68,Machamp,Fighting,505,90,130,80,65,85,55,China
69,Bellsprout,Grass/Poison,300,50,75,35,70,30,40,Congo
70,Weepinbell,Grass/Poison,390,65,90,50,85,45,55,Vietnam
71,Victreebel,Grass/Poison,490,80,105,65,100,70,70,Colombia
71,Victreebel,Grass/Poison,590,80,125,85,135,95,70,Congo
72,Tentacool,Water/Poison,335,40,40,35,50,100,70,Filipinas
73,Tentacruel,Water/Poison,515,80,70,65,80,120,100,Brasil
74,Geodude,Rock/Ground,300,40,80,100,30,30,20,Argentina
74,Geodude,Rock/Electric,300,40,80,100,30,30,20,Alemania
75,Graveler,Rock/Ground,390,55,95,115,45,45,35,Rusia
75,Graveler,Rock/Electric,390,55,95,115,45,45,35,Estados Unidos
76,Golem,Rock/Ground,495,80,120,130,55,65,45,Francia
76,Golem,Rock/Electric,495,80,120,130,55,65,45,Estados Unidos
77,Ponyta,Fire,410,50,85,55,65,65,90,Egipto
77,Ponyta,Psychic,410,50,85,55,65,65,90,Sudáfrica
78,Rapidash,Fire,500,65,100,70,80,80,105,Egipto
78,Rapidash,Psychic/Fairy,500,65,100,70,80,80,105,Sudáfrica
79,Slowpoke,Water/Psychic,315,90,65,65,40,40,15,Brasil
79,Slowpoke,Psychic,315,90,65,65,40,40,15,China
80,Slowbro,Water/Psychic,490,95,75,110,100,80,30,Brasil
80,Slowbro,Water/Psychic,590,95,75,180,130,80,30,Brasil
80,Slowbro,Poison/Psychic,490,95,100,95,100,70,30,Canadá
81,Magnemite,Electric/Steel,325,25,35,70,95,55,45,Estados Unidos
82,Magneton,Electric/Steel,465,50,60,95,120,70,70,Corea del Sur
83,Farfetch'd,Normal/Flying,377,52,90,55,58,62,60,Argentina
83,Farfetch'd,Fighting,377,52,95,55,58,62,55,Argentina
84,Doduo,Normal/Flying,310,35,85,45,35,35,75,Rusia
85,Dodrio,Normal/Flying,470,60,110,70,60,60,110,India
86,Seel,Water,325,65,45,55,45,70,45,Australia
87,Dewgong,Water/Ice,475,90,70,80,70,95,70,Filipinas
88,Grimer,Poison,325,80,80,50,40,50,25,China
88,Grimer,Poison/Dark,325,80,80,50,40,50,25,Francia
89,Muk,Poison,500,105,105,75,65,100,50,Sudáfrica
89,Muk,Poison/Dark,500,105,105,75,65,100,50,Argentina
90,Shellder,Water,305,30,65,100,45,25,40,Filipinas
91,Cloyster,Water/Ice,525,50,95,180,85,45,70,Filipinas
92,Gastly,Ghost/Poison,310,30,35,30,100,35,80,Francia
93,Haunter,Ghost/Poison,405,45,50,45,115,55,95,Francia
94,Gengar,Ghost/Poison,500,60,65,60,130,75,110,India
94,Gengar,Ghost/Poison,600,60,65,80,170,95,130,India
95,Onix,Rock/Ground,385,35,45,160,30,45,70,Rusia
96,Drowzee,Psychic,328,60,48,45,43,90,42,Rusia
97,Hypno,Psychic,483,85,73,70,73,115,67,China
98,Krabby,Water,325,30,105,90,25,25,50,Australia
99,Kingler,Water,475,55,130,115,50,50,75,Australia
100,Voltorb,Electric,330,40,30,50,55,55,100,Estados Unidos
100,Voltorb,Electric/Grass,330,40,30,50,55,55,100,Costa Rica
101,Electrode,Electric,490,60,50,70,80,80,150,Corea del Sur
101,Electrode,Electric/Grass,490,60,50,70,80,80,150,Costa Rica
102,Exeggcute,Grass/Psychic,325,60,40,80,60,45,40,Congo
103,Exeggutor,Grass/Psychic,530,95,95,85,125,75,55,Congo
103,Exeggutor,Grass/Dragon,530,95,105,85,125,75,45,Colombia
104,Cubone,Ground,320,50,50,95,40,50,35,Argentina
105,Marowak,Ground,425,60,80,110,50,80,45,Canadá
105,Marowak,Fire/Ghost,425,60,80,110,50,80,45,España
106,Hitmonlee,Fighting,455,50,120,53,35,110,87,Rusia
107,Hitmonchan,Fighting,455,50,105,79,35,110,76,Francia
108,Lickitung,Normal,385,90,55,75,60,75,30,China
109,Koffing,Poison,340,40,65,95,60,45,35,Francia
110,Weezing,Poison,490,65,90,120,85,70,60,Sudáfrica
110,Weezing,Poison/Fairy,490,65,90,120,85,70,60,Argentina
111,Rhyhorn,Ground/Rock,345,80,85,95,30,30,25,Canadá
112,Rhydon,Ground/Rock,485,105,130,120,45,45,40,China
113,Chansey,Normal,450,250,5,5,35,105,50,China
114,Tangela,Grass,435,65,55,115,100,40,60,Congo
115,Kangaskhan,Normal,490,105,95,80,40,80,90,China
115,Kangaskhan,Normal,590,105,125,100,60,100,100,Francia
116,Horsea,Water,295,30,40,70,70,25,60,Filipinas
117,Seadra,Water,440,55,65,95,95,45,85,Brasil
118,Goldeen,Water,320,45,67,60,35,50,63,Australia
119,Seaking,Water,450,80,92,65,65,80,68,Filipinas
120,Staryu,Water,340,30,45,55,70,55,85,Brasil
121,Starmie,Water/Psychic,520,60,75,85,100,85,115,Brasil
122,Mr. Mime,Psychic/Fairy,460,40,45,65,100,120,90,Francia
122,Mr. Mime,Ice/Psychic,460,50,65,65,90,90,100,Francia
123,Scyther,Bug/Flying,500,70,110,80,55,80,105,India
124,Jynx,Ice/Psychic,455,65,50,35,115,95,95,India
125,Electabuzz,Electric,490,65,83,57,95,85,105,Alemania
126,Magmar,Fire,495,65,95,57,100,85,93,España
127,Pinsir,Bug,500,65,125,100,55,70,85,India
127,Pinsir,Bug/Flying,600,65,155,120,65,90,105,Argentina
128,Tauros,Normal,490,75,100,95,40,70,110,India
128,Tauros,Fighting,490,75,110,105,30,70,100,India
128,Tauros,Fighting/Fire,490,75,110,105,30,70,100,México
128,Tauros,Fighting/Water,490,75,110,105,30,70,100,Japón
129,Magikarp,Water,200,20,10,55,15,20,80,Filipinas
130,Gyarados,Water/Flying,540,95,125,79,60,100,81,Brasil
130,Gyarados,Water/Dark,640,95,155,109,70,130,81,Japón
131,Lapras,Water/Ice,535,130,85,80,85,95,60,Filipinas
132,Ditto,Normal,288,48,48,48,48,48,48,Rusia
133,Eevee,Normal,325,55,55,50,45,65,55,Argentina
133,Eevee,Normal,435,65,75,70,65,85,75,Canadá
134,Vaporeon,Water,525,130,65,60,110,95,65,Brasil
135,Jolteon,Electric,525,65,65,60,110,95,130,Corea del Sur
136,Flareon,Fire,525,65,130,60,95,110,65,México
137,Porygon,Normal,395,65,60,70,85,75,40,China
138,Omanyte,Rock/Water,355,35,40,100,90,55,35,Australia
139,Omastar,Rock/Water,495,70,60,125,115,70,55,Japón
140,Kabuto,Rock/Water,355,30,80,90,55,45,55,Filipinas
141,Kabutops,Rock/Water,495,60,115,105,65,70,80,Japón
142,Aerodactyl,Rock/Flying,515,80,105,65,60,75,130,Francia
142,Aerodactyl,Rock/Flying,615,80,135,85,70,95,150,Canadá
143,Snorlax,Normal,540,160,110,65,65,110,30,Argentina
144,Articuno,Ice/Flying,580,90,85,100,95,125,85,India
144,Articuno,Psychic/Flying,580,90,85,85,125,100,95,Rusia
145,Zapdos,Electric/Flying,580,90,90,85,125,90,100,Estados Unidos
145,Zapdos,Fighting/Flying,580,90,125,90,85,90,100,Francia
146,Moltres,Fire/Flying,580,90,100,90,125,85,90,México
146,Moltres,Dark/Flying,580,90,85,90,100,125,90,Rusia
147,Dratini,Dragon,300,41,64,45,50,50,50,Argentina
148,Dragonair,Dragon,420,61,84,65,70,70,70,Argentina
149,Dragonite,Dragon/Flying,600,91,134,95,100,100,80,Rusia
149,Dragonite,Dragon/Flying,700,91,124,115,145,125,100,Francia
150,Mewtwo,Psychic,680,106,110,90,154,90,130,India
150,Mewtwo,Psychic/Fighting,780,106,190,100,154,100,130,Canadá
150,Mewtwo,Psychic,780,106,150,70,194,120,140,Francia
151,Mew,Psychic,600,100,100,100,100,100,100,China
152,Chikorita,Grass,318,45,49,65,49,65,45,Vietnam
153,Bayleef,Grass,405,60,62,80,63,80,60,Costa Rica
154,Meganium,Grass,525,80,82,100,83,100,80,Costa Rica
155,Cyndaquil,Fire,309,39,52,43,60,50,65,Italia
156,Quilava,Fire,405,58,64,58,80,65,80,Egipto
157,Typhlosion,Fire,534,78,84,78,109,85,100,España
157,Typhlosion,Fire/Ghost,534,73,84,78,119,85,95,Egipto
158,Totodile,Water,314,50,65,64,44,48,43,Japón
159,Croconaw,Water,405,65,80,80,59,63,58,Filipinas
160,Feraligatr,Water,530,85,105,100,79,83,78,Brasil
161,Sentret,Normal,215,35,46,34,35,45,20,Argentina
162,Furret,Normal,415,85,76,64,45,55,90,Argentina
163,Hoothoot,Normal/Flying,262,60,30,30,36,56,50,Canadá
164,Noctowl,Normal/Flying,452,100,50,50,86,96,70,Rusia
165,Ledyba,Bug/Flying,265,40,20,30,40,80,55,Rusia
166,Ledian,Bug/Flying,390,55,35,50,55,110,85,Francia
167,Spinarak,Bug/Poison,250,40,60,40,40,40,30,Canadá
168,Ariados,Bug/Poison,400,70,90,70,60,70,40,Francia
169,Crobat,Poison/Flying,535,85,90,80,70,80,130,Francia
170,Chinchou,Water/Electric,330,75,38,38,56,56,67,Filipinas
171,Lanturn,Water/Electric,460,125,58,58,76,76,67,Filipinas
172,Pichu,Electric,205,20,40,15,35,35,60,Corea del Sur
173,Cleffa,Fairy,218,50,25,28,45,55,15,Sudáfrica
174,Igglybuff,Normal/Fairy,210,90,30,15,40,20,15,Argentina
175,Togepi,Fairy,245,35,20,65,40,65,20,Sudáfrica
176,Togetic,Fairy/Flying,405,55,40,85,80,105,40,India
177,Natu,Psychic/Flying,320,40,50,45,70,45,70,India
178,Xatu,Psychic/Flying,470,65,75,70,95,70,95,Argentina
179,Mareep,Electric,280,55,40,40,65,45,35,Estados Unidos
180,Flaaffy,Electric,365,70,55,55,80,60,45,Corea del Sur
181,Ampharos,Electric,510,90,75,85,115,90,55,Estados Unidos
181,Ampharos,Electric/Dragon,610,90,95,105,165,110,45,Corea del Sur
182,Bellossom,Grass,490,75,80,95,90,100,50,Colombia
183,Marill,Water/Fairy,250,70,20,50,20,50,40,Filipinas
184,Azumarill,Water/Fairy,420,100,50,80,60,80,50,Filipinas
185,Sudowoodo,Rock,410,70,100,115,30,65,30,India
186,Politoed,Water,500,90,75,75,90,100,70,Japón
187,Hoppip,Grass/Flying,250,35,35,40,35,55,50,Vietnam
188,Skiploom,Grass/Flying,340,55,45,50,45,65,80,Costa Rica
189,Jumpluff,Grass/Flying,460,75,55,70,55,95,110,Colombia
190,Aipom,Normal,360,55,70,55,40,55,85,Francia
191,Sunkern,Grass,180,30,30,30,30,30,30,Congo
192,Sunflora,Grass,425,75,75,55,105,85,30,Vietnam
193,Yanma,Bug/Flying,390,65,65,45,75,45,95,Francia
194,Wooper,Water/Ground,210,55,45,45,25,25,15,Australia
194,Wooper,Poison/Ground,210,55,45,45,25,25,15,Sudáfrica
195,Quagsire,Water/Ground,430,95,85,85,65,65,35,Filipinas
196,Espeon,Psychic,525,65,65,60,130,95,110,Sudáfrica
197,Umbreon,Dark,525,95,65,110,60,130,65,India
198,Murkrow,Dark/Flying,405,60,85,42,85,42,91,Argentina
199,Slowking,Water/Psychic,490,95,75,80,100,110,30,Brasil
199,Slowking,Poison/Psychic,490,95,65,80,110,110,30,Canadá
200,Misdreavus,Ghost,435,60,60,60,85,85,85,Sudáfrica
201,Unown,Psychic,336,48,72,48,72,48,48,Canadá
202,Wobbuffet,Psychic,405,190,33,58,33,58,33,Rusia
203,Girafarig,Normal/Psychic,455,70,80,65,90,65,85,Canadá
204,Pineco,Bug,290,50,65,90,35,35,15,Canadá
205,Forretress,Bug/Steel,465,75,90,140,60,60,40,Sudáfrica
206,Dunsparce,Normal,415,100,70,70,65,65,45,Rusia
207,Gligar,Ground/Flying,430,65,75,105,35,65,85,Argentina
208,Steelix,Steel/Ground,510,75,85,200,55,65,30,Rusia
208,Steelix,Steel/Ground,610,75,125,230,55,95,30,Francia
209,Snubbull,Fairy,300,60,80,50,40,40,30,China
210,Granbull,Fairy,450,90,120,75,60,60,45,Sudáfrica
211,Qwilfish,Water/Poison,440,65,95,85,55,55,85,Australia
211,Qwilfish,Dark/Poison,440,65,95,85,55,55,85,Rusia
212,Scizor,Bug/Steel,500,70,130,100,55,80,65,Rusia
212,Scizor,Bug/Steel,600,70,150,140,65,100,75,Sudáfrica
213,Shuckle,Bug/Rock,505,20,10,230,10,230,5,India
214,Heracross,Bug/Fighting,500,80,125,75,40,95,85,Argentina
214,Heracross,Bug/Fighting,600,80,185,115,40,105,75,Argentina
215,Sneasel,Dark/Ice,430,55,95,55,35,75,115,Canadá
215,Sneasel,Fighting/Poison,430,55,95,55,35,75,115,Francia
216,Teddiursa,Normal,330,60,80,50,50,50,40,Rusia
217,Ursaring,Normal,500,90,130,75,75,75,55,Canadá
218,Slugma,Fire,250,40,40,40,70,40,20,Italia
219,Magcargo,Fire/Rock,430,60,50,120,90,80,30,México
220,Swinub,Ice/Ground,250,50,50,40,30,30,50,China
221,Piloswine,Ice/Ground,450,100,100,80,60,60,50,Canadá
222,Corsola,Water/Rock,410,65,55,95,65,95,35,Japón
222,Corsola,Ghost,410,60,55,100,65,100,30,Francia
223,Remoraid,Water,300,35,65,35,65,35,65,Brasil
224,Octillery,Water,480,75,105,75,105,75,45,Brasil
225,Delibird,Ice/Flying,330,45,55,45,65,45,75,Sudáfrica
226,Mantine,Water/Flying,485,85,40,70,80,140,70,Japón
227,Skarmory,Steel/Flying,465,65,80,140,40,70,70,Canadá
228,Houndour,Dark/Fire,330,45,60,30,80,50,65,España
229,Houndoom,Dark/Fire,500,75,90,50,110,80,95,México
229,Houndoom,Dark/Fire,600,75,90,90,140,90,115,Egipto
230,Kingdra,Water/Dragon,540,75,95,95,95,95,85,Filipinas
231,Phanpy,Ground,330,90,60,60,40,40,40,Sudáfrica
232,Donphan,Ground,500,90,120,120,60,60,50,India
233,Porygon2,Normal,515,85,80,90,105,95,60,Francia
234,Stantler,Normal,465,73,95,62,85,65,85,Sudáfrica
235,Smeargle,Normal,250,55,20,35,20,45,75,India
236,Tyrogue,Fighting,210,35,35,35,35,35,35,Rusia
237,Hitmontop,Fighting,455,50,95,95,35,110,70,India
238,Smoochum,Ice/Psychic,305,45,30,15,85,65,65,China
239,Elekid,Electric,360,45,63,37,65,55,95,Alemania
240,Magby,Fire,365,45,75,37,70,55,83,México
241,Miltank,Normal,490,95,80,105,40,70,100,Francia
242,Blissey,Normal,540,255,10,10,75,135,55,Sudáfrica
243,Raikou,Electric,580,90,85,75,115,100,115,Estados Unidos
244,Entei,Fire,580,115,115,85,90,75,100,España
245,Suicune,Water,580,100,75,115,90,115,85,Brasil
246,Larvitar,Rock/Ground,300,50,64,50,45,50,41,India
247,Pupitar,Rock/Ground,410,70,84,70,65,70,51,Francia
248,Tyranitar,Rock/Dark,600,100,134,110,95,100,61,Francia
248,Tyranitar,Rock/Dark,700,100,164,150,95,120,71,Rusia
249,Lugia,Psychic/Flying,680,106,90,130,90,154,110,Sudáfrica
250,Ho-oh,Fire/Flying,680,106,130,90,110,154,90,Italia
251,Celebi,Psychic/Grass,600,100,100,100,100,100,100,Costa Rica
252,Treecko,Grass,310,40,45,35,65,55,70,Colombia
253,Grovyle,Grass,405,50,65,45,85,65,95,Congo
254,Sceptile,Grass,530,70,85,65,105,85,120,Costa Rica
254,Sceptile,Grass/Dragon,630,70,110,75,145,85,145,Congo
255,Torchic,Fire,310,45,60,40,70,50,45,Italia
256,Combusken,Fire/Fighting,405,60,85,60,85,60,55,México
257,Blaziken,Fire/Fighting,530,80,120,70,110,70,80,Egipto
257,Blaziken,Fire/Fighting,630,80,160,80,130,80,100,España
258,Mudkip,Water,310,50,70,50,50,50,40,Japón
259,Marshtomp,Water/Ground,405,70,85,70,60,70,50,Japón
260,Swampert,Water/Ground,535,100,110,90,85,90,60,Brasil
260,Swampert,Water/Ground,635,100,150,110,95,110,70,Australia
261,Poochyena,Dark,220,35,55,35,30,30,35,Francia
262,Mightyena,Dark,420,70,90,70,60,60,70,Rusia
263,Zigzagoon,Normal,240,38,30,41,30,41,60,China
263,Zigzagoon,Dark/Normal,240,38,30,41,30,41,60,Rusia
264,Linoone,Normal,420,78,70,61,50,61,100,China
264,Linoone,Dark/Normal,420,78,70,61,50,61,100,Rusia
265,Wurmple,Bug,195,45,45,35,20,30,20,Francia
266,Silcoon,Bug,205,50,35,55,25,25,15,Canadá
267,Beautifly,Bug/Flying,395,60,70,50,100,50,65,Canadá
268,Cascoon,Bug,205,50,35,55,25,25,15,Canadá
269,Dustox,Bug/Poison,385,60,50,70,50,90,65,Argentina
270,Lotad,Water/Grass,220,40,30,30,40,50,30,Australia
271,Lombre,Water/Grass,340,60,50,50,60,70,50,Japón
272,Ludicolo,Water/Grass,480,80,70,70,90,100,70,Brasil
273,Seedot,Grass,220,40,40,50,30,30,30,Vietnam
274,Nuzleaf,Grass/Dark,340,70,70,40,60,40,60,Colombia
275,Shiftry,Grass/Dark,480,90,100,60,90,60,80,Colombia
276,Taillow,Normal/Flying,270,40,55,30,30,30,85,Canadá
277,Swellow,Normal/Flying,455,60,85,60,75,50,125,Francia
278,Wingull,Water/Flying,270,40,30,30,55,30,85,Japón
279,Pelipper,Water/Flying,440,60,50,100,95,70,65,Brasil
280,Ralts,Psychic/Fairy,198,28,25,25,45,35,40,Rusia
281,Kirlia,Psychic/Fairy,278,38,35,35,65,55,50,Canadá
282,Gardevoir,Psychic/Fairy,518,68,65,65,125,115,80,Sudáfrica
282,Gardevoir,Psychic/Fairy,618,68,85,65,165,135,100,Sudáfrica
283,Surskit,Bug/Water,269,40,30,32,50,52,65,Filipinas
284,Masquerain,Bug/Flying,454,70,60,62,100,82,80,Argentina
285,Shroomish,Grass,295,60,40,60,40,60,35,Congo
286,Breloom,Grass/Fighting,460,60,130,80,60,60,70,Costa Rica
287,Slakoth,Normal,280,60,60,60,35,35,30,Canadá
288,Vigoroth,Normal,440,80,80,80,55,55,90,Sudáfrica
289,Slaking,Normal,670,150,160,100,95,65,100,Rusia
290,Nincada,Bug/Ground,266,31,45,90,30,30,40,China
291,Ninjask,Bug/Flying,456,61,90,45,50,50,160,Sudáfrica
292,Shedinja,Bug/Ghost,236,1,90,45,30,30,40,Sudáfrica
293,Whismur,Normal,240,64,51,23,51,23,28,India
294,Loudred,Normal,360,84,71,43,71,43,48,Sudáfrica
295,Exploud,Normal,490,104,91,63,91,73,68,India
296,Makuhita,Fighting,237,72,60,30,20,30,25,India
297,Hariyama,Fighting,474,144,120,60,40,60,50,Francia
298,Azurill,Normal/Fairy,190,50,20,40,20,40,20,Argentina
299,Nosepass,Rock,375,30,45,135,45,90,30,Canadá
300,Skitty,Normal,260,50,45,45,35,35,50,Rusia
301,Delcatty,Normal,400,70,65,65,55,55,90,Rusia
302,Sableye,Dark/Ghost,380,50,75,75,65,65,50,India
302,Sableye,Dark/Ghost,480,50,85,125,85,115,20,Sudáfrica
303,Mawile,Steel/Fairy,380,50,85,85,55,55,50,Canadá
303,Mawile,Steel/Fairy,480,50,105,125,55,95,50,China
304,Aron,Steel/Rock,330,50,70,100,40,40,30,Francia
305,Lairon,Steel/Rock,430,60,90,140,50,50,40,Argentina
306,Aggron,Steel/Rock,530,70,110,180,60,60,50,Canadá
306,Aggron,Steel,630,70,140,230,60,80,50,Francia
307,Meditite,Fighting/Psychic,280,30,40,55,40,55,60,Sudáfrica
308,Medicham,Fighting/Psychic,410,60,60,75,60,75,80,Rusia
308,Medicham,Fighting/Psychic,510,60,100,85,80,85,100,Rusia
309,Electrike,Electric,295,40,45,40,65,40,65,Corea del Sur
310,Manectric,Electric,475,70,75,60,105,60,105,Corea del Sur
310,Manectric,Electric,575,70,75,80,135,80,135,Alemania
311,Plusle,Electric,405,60,50,40,85,75,95,Alemania
312,Minun,Electric,405,60,40,50,75,85,95,Alemania
313,Volbeat,Bug,430,65,73,75,47,85,85,Argentina
314,Illumise,Bug,430,65,47,75,73,85,85,Rusia
315,Roselia,Grass/Poison,400,50,60,45,100,80,65,Congo
316,Gulpin,Poison,302,70,43,53,43,53,40,Rusia
317,Swalot,Poison,467,100,73,83,73,83,55,China
318,Carvanha,Water/Dark,305,45,90,20,65,20,65,Japón
319,Sharpedo,Water/Dark,460,70,120,40,95,40,95,Filipinas
319,Sharpedo,Water/Dark,560,70,140,70,110,65,105,Filipinas
320,Wailmer,Water,400,130,70,35,70,35,60,Japón
321,Wailord,Water,500,170,90,45,90,45,60,Brasil
322,Numel,Fire/Ground,305,60,60,40,65,45,35,Italia
323,Camerupt,Fire/Ground,460,70,100,70,105,75,40,Italia
323,Camerupt,Fire/Ground,560,70,120,100,145,105,20,España
324,Torkoal,Fire,470,70,85,140,85,70,20,Egipto
325,Spoink,Psychic,330,60,25,35,70,80,60,Sudáfrica
326,Grumpig,Psychic,470,80,45,65,90,110,80,China
327,Spinda,Normal,360,60,60,60,60,60,60,Rusia
328,Trapinch,Ground,290,45,100,45,45,45,10,Rusia
329,Vibrava,Ground/Dragon,340,50,70,50,50,50,70,Sudáfrica
330,Flygon,Ground/Dragon,520,80,100,80,80,80,100,China
331,Cacnea,Grass,335,50,85,40,85,40,35,Colombia
332,Cacturne,Grass/Dark,475,70,115,60,115,60,55,Colombia
333,Swablu,Normal/Flying,310,45,40,60,40,75,50,India
334,Altaria,Dragon/Flying,490,75,70,90,70,105,80,Sudáfrica
334,Altaria,Dragon/Fairy,590,75,110,110,110,105,80,Sudáfrica
335,Zangoose,Normal,458,73,115,60,60,60,90,Argentina
336,Seviper,Poison,458,73,100,60,100,60,65,Sudáfrica
337,Lunatone,Rock/Psychic,460,90,55,65,95,85,70,Francia
338,Solrock,Rock/Psychic,460,90,95,85,55,65,70,China
339,Barboach,Water/Ground,288,50,48,43,46,41,60,Filipinas
340,Whiscash,Water/Ground,468,110,78,73,76,71,60,Filipinas
341,Corphish,Water,308,43,80,65,50,35,35,Filipinas
342,Crawdaunt,Water/Dark,468,63,120,85,90,55,55,Australia
343,Baltoy,Ground/Psychic,300,40,40,55,40,70,55,Francia
344,Claydol,Ground/Psychic,500,60,70,105,70,120,75,Francia
345,Lileep,Rock/Grass,355,66,41,77,61,87,23,Vietnam
346,Cradily,Rock/Grass,495,86,81,97,81,107,43,Costa Rica
347,Anorith,Rock/Bug,355,45,95,50,40,50,75,China
348,Armaldo,Rock/Bug,495,75,125,100,70,80,45,China
349,Feebas,Water,200,20,15,20,10,55,80,Brasil
350,Milotic,Water,540,95,60,79,100,125,81,Australia
351,Castform,Normal,420,70,70,70,70,70,70,Canadá
351,Castform,Fire,420,70,70,70,70,70,70,Italia
351,Castform,Water,420,70,70,70,70,70,70,Brasil
351,Castform,Ice,420,70,70,70,70,70,70,Argentina
352,Kecleon,Normal,440,60,90,70,60,120,40,Francia
353,Shuppet,Ghost,295,44,75,35,63,33,45,Canadá
354,Banette,Ghost,455,64,115,65,83,63,65,Francia
354,Banette,Ghost,555,64,165,75,93,83,75,Rusia
355,Duskull,Ghost,295,20,40,90,30,90,25,Sudáfrica
356,Dusclops,Ghost,455,40,70,130,60,130,25,Canadá
357,Tropius,Grass/Flying,460,99,68,83,72,87,51,Colombia
358,Chimecho,Psychic,455,75,50,80,95,90,65,Rusia
359,Absol,Dark,465,65,130,60,75,60,75,Canadá
359,Absol,Dark,565,65,150,60,115,60,115,China
360,Wynaut,Psychic,260,95,23,48,23,48,23,Sudáfrica
361,Snorunt,Ice,300,50,50,50,50,50,50,Canadá
362,Glalie,Ice,480,80,80,80,80,80,80,China
362,Glalie,Ice,580,80,120,80,120,80,100,Francia
363,Spheal,Ice/Water,290,70,40,50,55,50,25,Brasil
364,Sealeo,Ice/Water,410,90,60,70,75,70,45,Brasil
365,Walrein,Ice/Water,530,110,80,90,95,90,65,Japón
366,Clamperl,Water,345,35,64,85,74,55,32,Japón
367,Huntail,Water,485,55,104,105,94,75,52,Brasil
368,Gorebyss,Water,485,55,84,105,114,75,52,Brasil
369,Relicanth,Water/Rock,485,100,90,130,45,65,55,Australia
370,Luvdisc,Water,330,43,30,55,40,65,97,Filipinas
371,Bagon,Dragon,300,45,75,60,40,30,50,India
372,Shelgon,Dragon,420,65,95,100,60,50,50,Francia
373,Salamence,Dragon/Flying,600,95,135,80,110,80,100,Argentina
373,Salamence,Dragon/Flying,700,95,145,130,120,90,120,Rusia
374,Beldum,Steel/Psychic,300,40,55,80,35,60,30,Francia
375,Metang,Steel/Psychic,420,60,75,100,55,80,50,India
376,Metagross,Steel/Psychic,600,80,135,130,95,90,70,India
376,Metagross,Steel/Psychic,700,80,145,150,105,110,110,China
377,Regirock,Rock,580,80,100,200,50,100,50,Sudáfrica
378,Regice,Ice,580,80,50,100,100,200,50,Rusia
379,Registeel,Steel,580,80,75,150,75,150,50,Sudáfrica
380,Latias,Dragon/Psychic,600,80,80,90,110,130,110,Rusia
380,Latias,Dragon/Psychic,700,80,100,120,140,150,110,India
381,Latios,Dragon/Psychic,600,80,90,80,130,110,110,Canadá
381,Latios,Dragon/Psychic,700,80,130,100,160,120,110,Argentina
382,Kyogre,Water,670,100,100,90,150,140,90,Brasil
382,Kyogre,Water,770,100,150,90,180,160,90,Japón
383,Groudon,Ground,670,100,150,140,100,90,90,Argentina
383,Groudon,Ground/Fire,770,100,180,160,150,90,90,Italia
384,Rayquaza,Dragon/Flying,680,105,150,90,150,90,95,China
384,Rayquaza,Dragon/Flying,780,105,180,100,180,100,115,China
385,Jirachi,Steel/Psychic,600,100,100,100,100,100,100,China
386,Deoxys,Psychic,600,50,150,50,150,50,150,Canadá
386,Deoxys,Psychic,600,50,180,20,180,20,150,Argentina
386,Deoxys,Psychic,600,50,70,160,70,160,90,Sudáfrica
386,Deoxys,Psychic,600,50,95,90,95,90,180,Francia
387,Turtwig,Grass,318,55,68,64,45,55,31,Costa Rica
388,Grotle,Grass,405,75,89,85,55,65,36,Costa Rica
389,Torterra,Grass/Ground,525,95,109,105,75,85,56,Congo
390,Chimchar,Fire,309,44,58,44,58,44,61,Egipto
391,Monferno,Fire/Fighting,405,64,78,52,78,52,81,Italia
392,Infernape,Fire/Fighting,534,76,104,71,104,71,108,México
393,Piplup,Water,314,53,51,53,61,56,40,Japón
394,Prinplup,Water,405,64,66,68,81,76,50,Australia
395,Empoleon,Water/Steel,530,84,86,88,111,101,60,Australia
396,Starly,Normal/Flying,245,40,55,30,30,30,60,China
397,Staravia,Normal/Flying,340,55,75,50,40,40,80,Sudáfrica
398,Staraptor,Normal/Flying,485,85,120,70,50,60,100,Argentina
399,Bidoof,Normal,250,59,45,40,35,40,31,Sudáfrica
400,Bibarel,Normal/Water,410,79,85,60,55,60,71,Brasil
401,Kricketot,Bug,194,37,25,41,25,41,25,Sudáfrica
402,Kricketune,Bug,384,77,85,51,55,51,65,Rusia
403,Shinx,Electric,263,45,65,34,40,34,45,Estados Unidos
404,Luxio,Electric,363,60,85,49,60,49,60,Corea del Sur
405,Luxray,Electric,523,80,120,79,95,79,70,Estados Unidos
406,Budew,Grass/Poison,280,40,30,35,50,70,55,Vietnam
407,Roserade,Grass/Poison,515,60,70,65,125,105,90,Vietnam
408,Cranidos,Rock,350,67,125,40,30,30,58,Argentina
409,Rampardos,Rock,495,97,165,60,65,50,58,Argentina
410,Shieldon,Rock/Steel,350,30,42,118,42,88,30,Sudáfrica
411,Bastiodon,Rock/Steel,495,60,52,168,47,138,30,Argentina
412,Burmy,Bug,224,40,29,45,29,45,36,Rusia
412,Burmy,Bug,224,40,29,45,29,45,36,Sudáfrica
412,Burmy,Bug,224,40,29,45,29,45,36,Canadá
413,Wormadam,Bug/Grass,424,60,59,85,79,105,36,Costa Rica
413,Wormadam,Bug/Ground,424,60,79,105,59,85,36,Rusia
413,Wormadam,Bug/Steel,424,60,69,95,69,95,36,Rusia
414,Mothim,Bug/Flying,424,70,94,50,94,50,66,Canadá
415,Combee,Bug/Flying,244,30,30,42,30,42,70,Rusia
416,Vespiquen,Bug/Flying,474,70,80,102,80,102,40,Canadá
417,Pachirisu,Electric,405,60,45,70,45,90,95,Estados Unidos
418,Buizel,Water,330,55,65,35,60,30,85,Australia
419,Floatzel,Water,495,85,105,55,85,50,115,Filipinas
420,Cherubi,Grass,275,45,35,45,62,53,35,Colombia
421,Cherrim,Grass,450,70,60,70,87,78,85,Congo
422,Shellos,Water,325,76,48,48,57,62,34,Brasil
423,Gastrodon,Water/Ground,475,111,83,68,92,82,39,Japón
424,Ambipom,Normal,482,75,100,66,60,66,115,Francia
425,Drifloon,Ghost/Flying,348,90,50,34,60,44,70,Canadá
426,Drifblim,Ghost/Flying,498,150,80,44,90,54,80,Sudáfrica
427,Buneary,Normal,350,55,66,44,44,56,85,Francia
428,Lopunny,Normal,480,65,76,84,54,96,105,Francia
428,Lopunny,Normal/Fighting,580,65,136,94,54,96,135,Rusia
429,Mismagius,Ghost,495,60,60,60,105,105,105,India
430,Honchkrow,Dark/Flying,505,100,125,52,105,52,71,China
431,Glameow,Normal,310,49,55,42,42,37,85,Sudáfrica
432,Purugly,Normal,452,71,82,64,64,59,112,Rusia
433,Chingling,Psychic,285,45,30,50,65,50,45,Sudáfrica
434,Stunky,Poison/Dark,329,63,63,47,41,41,74,Canadá
435,Skuntank,Poison/Dark,479,103,93,67,71,61,84,India
436,Bronzor,Steel/Psychic,300,57,24,86,24,86,23,Sudáfrica
437,Bronzong,Steel/Psychic,500,67,89,116,79,116,33,China
438,Bonsly,Rock,290,50,80,95,10,45,10,Argentina
439,Mime Jr.,Psychic/Fairy,310,20,25,45,70,90,60,China
440,Happiny,Normal,220,100,5,5,15,65,30,China
441,Chatot,Normal/Flying,411,76,65,45,92,42,91,Rusia
442,Spiritomb,Ghost/Dark,485,50,92,108,92,108,35,India
443,Gible,Dragon/Ground,300,58,70,45,40,45,42,Canadá
444,Gabite,Dragon/Ground,410,68,90,65,50,55,82,China
445,Garchomp,Dragon/Ground,600,108,130,95,80,85,102,Sudáfrica
445,Garchomp,Dragon/Ground,700,108,170,115,120,95,92,Sudáfrica
446,Munchlax,Normal,390,135,85,40,40,85,5,Argentina
447,Riolu,Fighting,285,40,70,40,35,40,60,Rusia
448,Lucario,Fighting/Steel,525,70,110,70,115,70,90,China
448,Lucario,Fighting/Steel,625,70,145,88,140,70,112,Canadá
449,Hippopotas,Ground,330,68,72,78,38,42,32,India
450,Hippowdon,Ground,525,108,112,118,68,72,47,Sudáfrica
451,Skorupi,Poison/Bug,330,40,50,90,30,55,65,Rusia
452,Drapion,Poison/Dark,500,70,90,110,60,75,95,Argentina
453,Croagunk,Poison/Fighting,300,48,61,40,61,40,50,India
454,Toxicroak,Poison/Fighting,490,83,106,65,86,65,85,Argentina
455,Carnivine,Grass,454,74,100,72,90,72,46,Colombia
456,Finneon,Water,330,49,49,56,49,61,66,Japón
457,Lumineon,Water,460,69,69,76,69,86,91,Filipinas
458,Mantyke,Water/Flying,345,45,20,50,60,120,50,Filipinas
459,Snover,Grass/Ice,334,60,62,50,62,60,40,Costa Rica
460,Abomasnow,Grass/Ice,494,90,92,75,92,85,60,Vietnam
460,Abomasnow,Grass/Ice,594,90,132,105,132,105,30,Vietnam
461,Weavile,Dark/Ice,510,70,120,65,45,85,125,Sudáfrica
462,Magnezone,Electric/Steel,535,70,70,115,130,90,60,Alemania
463,Lickilicky,Normal,515,110,85,95,80,95,50,Rusia
464,Rhyperior,Ground/Rock,535,115,140,130,55,55,40,India
465,Tangrowth,Grass,535,100,100,125,110,50,50,Vietnam
466,Electivire,Electric,540,75,123,67,95,85,95,Corea del Sur
467,Magmortar,Fire,540,75,95,67,125,95,83,Italia
468,Togekiss,Fairy/Flying,545,85,50,95,120,115,80,China
469,Yanmega,Bug/Flying,515,86,76,86,116,56,95,Francia
470,Leafeon,Grass,525,65,110,130,60,65,95,Congo
471,Glaceon,Ice,525,65,60,110,130,95,65,India
472,Gliscor,Ground/Flying,510,75,95,125,45,75,95,India
473,Mamoswine,Ice/Ground,530,110,130,80,70,60,80,Francia
474,Porygon-Z,Normal,535,85,80,70,135,75,90,Francia
475,Gallade,Psychic/Fighting,518,68,125,65,65,115,80,Sudáfrica
475,Gallade,Psychic/Fighting,618,68,165,95,65,115,110,Argentina
476,Probopass,Rock/Steel,525,60,55,145,75,150,40,China
477,Dusknoir,Ghost,525,45,100,135,65,135,45,Canadá
478,Froslass,Ice/Ghost,480,70,80,70,80,70,110,Rusia
479,Rotom,Electric/Ghost,440,50,50,77,95,77,91,Estados Unidos
479,Rotom,Electric/Fire,520,50,65,107,105,107,86,México
479,Rotom,Electric/Water,520,50,65,107,105,107,86,Filipinas
479,Rotom,Electric/Ice,520,50,65,107,105,107,86,Alemania
479,Rotom,Electric/Flying,520,50,65,107,105,107,86,Alemania
479,Rotom,Electric/Grass,520,50,65,107,105,107,86,Costa Rica
480,Uxie,Psychic,580,75,75,130,75,130,95,Francia
481,Mesprit,Psychic,580,80,105,105,105,105,80,India
482,Azelf,Psychic,580,75,125,70,125,70,115,Francia
483,Dialga,Steel/Dragon,680,100,120,120,150,100,90,Argentina
483,Dialga,Steel/Dragon,680,100,100,120,150,120,90,India
484,Palkia,Water/Dragon,680,90,120,100,150,120,100,Filipinas
484,Palkia,Water/Dragon,680,90,100,100,150,120,120,Filipinas
485,Heatran,Fire/Steel,600,91,90,106,130,106,77,Italia
486,Regigigas,Normal,670,110,160,110,80,110,100,India
487,Giratina,Ghost/Dragon,680,150,100,120,100,120,90,Rusia
487,Giratina,Ghost/Dragon,680,150,120,100,120,100,90,Francia
488,Cresselia,Psychic,580,120,70,110,75,120,85,China
489,Phione,Water,480,80,80,80,80,80,80,Australia
490,Manaphy,Water,600,100,100,100,100,100,100,Filipinas
491,Darkrai,Dark,600,70,90,90,135,90,125,Argentina
492,Shaymin,Grass,600,100,100,100,100,100,100,Colombia
492,Shaymin,Grass/Flying,600,100,103,75,120,75,127,Costa Rica
493,Arceus,Normal,720,120,120,120,120,120,120,Canadá
494,Victini,Psychic/Fire,600,100,100,100,100,100,100,España
495,Snivy,Grass,308,45,45,55,45,55,63,Congo
496,Servine,Grass,413,60,60,75,60,75,83,Congo
497,Serperior,Grass,528,75,75,95,75,95,113,Vietnam
498,Tepig,Fire,308,65,63,45,45,45,45,Italia
499,Pignite,Fire/Fighting,418,90,93,55,70,55,55,México
500,Emboar,Fire/Fighting,528,110,123,65,100,65,65,Egipto
501,Oshawott,Water,308,55,55,45,63,45,45,Japón
502,Dewott,Water,413,75,75,60,83,60,60,Japón
503,Samurott,Water,528,95,100,85,108,70,70,Australia
503,Samurott,Water/Dark,528,90,108,80,100,65,85,Brasil
504,Patrat,Normal,255,45,55,39,35,39,42,Canadá
505,Watchog,Normal,420,60,85,69,60,69,77,Argentina
506,Lillipup,Normal,275,45,60,45,25,45,55,China
507,Herdier,Normal,370,65,80,65,35,65,60,India
508,Stoutland,Normal,500,85,110,90,45,90,80,Argentina
509,Purrloin,Dark,281,41,50,37,50,37,66,Rusia
510,Liepard,Dark,446,64,88,50,88,50,106,Rusia
511,Pansage,Grass,316,50,53,48,53,48,64,Vietnam
512,Simisage,Grass,498,75,98,63,98,63,101,Colombia
513,Pansear,Fire,316,50,53,48,53,48,64,México
514,Simisear,Fire,498,75,98,63,98,63,101,España
515,Panpour,Water,316,50,53,48,53,48,64,Brasil
516,Simipour,Water,498,75,98,63,98,63,101,Filipinas
517,Munna,Psychic,292,76,25,45,67,55,24,India
518,Musharna,Psychic,487,116,55,85,107,95,29,China
519,Pidove,Normal/Flying,264,50,55,50,36,30,43,Rusia
520,Tranquill,Normal/Flying,358,62,77,62,50,42,65,India
521,Unfezant,Normal/Flying,488,80,115,80,65,55,93,China
522,Blitzle,Electric,295,45,60,32,50,32,76,Alemania
523,Zebstrika,Electric,497,75,100,63,80,63,116,Alemania
524,Roggenrola,Rock,280,55,75,85,25,25,15,India
525,Boldore,Rock,390,70,105,105,50,40,20,Francia
526,Gigalith,Rock,515,85,135,130,60,80,25,India
527,Woobat,Psychic/Flying,323,65,45,43,55,43,72,Canadá
528,Swoobat,Psychic/Flying,425,67,57,55,77,55,114,Canadá
529,Drilbur,Ground,328,60,85,40,30,45,68,Francia
530,Excadrill,Ground/Steel,508,110,135,60,50,65,88,Francia
531,Audino,Normal,445,103,60,86,60,86,50,Sudáfrica
531,Audino,Normal/Fairy,545,103,60,126,80,126,50,Rusia
532,Timburr,Fighting,305,75,80,55,25,35,35,China
533,Gurdurr,Fighting,405,85,105,85,40,50,40,China
534,Conkeldurr,Fighting,505,105,140,95,55,65,45,Argentina
535,Tympole,Water,294,50,50,40,50,40,64,Filipinas
536,Palpitoad,Water/Ground,384,75,65,55,65,55,69,Australia
537,Seismitoad,Water/Ground,509,105,95,75,85,75,74,Australia
538,Throh,Fighting,465,120,100,85,30,85,45,China
539,Sawk,Fighting,465,75,125,75,30,75,85,India
540,Sewaddle,Bug/Grass,310,45,53,70,40,60,42,Vietnam
541,Swadloon,Bug/Grass,380,55,63,90,50,80,42,Costa Rica
542,Leavanny,Bug/Grass,500,75,103,80,70,80,92,Colombia
543,Venipede,Bug/Poison,260,30,45,59,30,39,57,India
544,Whirlipede,Bug/Poison,360,40,55,99,40,79,47,India
545,Scolipede,Bug/Poison,485,60,100,89,55,69,112,China
546,Cottonee,Grass/Fairy,280,40,27,60,37,50,66,Colombia
547,Whimsicott,Grass/Fairy,480,60,67,85,77,75,116,Congo
548,Petilil,Grass,280,45,35,50,70,50,30,Colombia
549,Lilligant,Grass,480,70,60,75,110,75,90,Colombia
549,Lilligant,Grass/Fighting,480,70,105,75,50,75,105,Vietnam
550,Basculin,Water,460,70,92,65,80,55,98,Australia
550,Basculin,Water,460,70,92,65,80,55,98,Japón
550,Basculin,Water,460,70,92,65,80,55,98,Brasil
551,Sandile,Ground/Dark,292,50,72,35,35,35,65,Francia
552,Krokorok,Ground/Dark,351,60,82,45,45,45,74,China
553,Krookodile,Ground/Dark,519,95,117,80,65,70,92,India
554,Darumaka,Fire,315,70,90,45,15,45,50,Egipto
554,Darumaka,Ice,315,70,90,45,15,45,50,Rusia
555,Darmanitan,Fire,480,105,140,55,30,55,95,México
555,Darmanitan,Fire/Psychic,540,105,30,105,140,105,55,Egipto
555,Darmanitan,Ice,480,105,140,55,30,55,95,Canadá
555,Darmanitan,Ice/Fire,540,105,160,55,30,55,135,Italia
556,Maractus,Grass,461,75,86,67,106,67,60,Costa Rica
557,Dwebble,Bug/Rock,325,50,65,85,35,35,55,Sudáfrica
558,Crustle,Bug/Rock,485,70,105,125,65,75,45,Francia
559,Scraggy,Dark/Fighting,348,50,75,70,35,70,48,Canadá
560,Scrafty,Dark/Fighting,488,65,90,115,45,115,58,Sudáfrica
561,Sigilyph,Psychic/Flying,490,72,58,80,103,80,97,Rusia
562,Yamask,Ghost,303,38,30,85,55,65,30,Argentina
562,Yamask,Ground/Ghost,303,38,55,85,30,65,30,Francia
563,Cofagrigus,Ghost,483,58,50,145,95,105,30,Argentina
564,Tirtouga,Water/Rock,355,54,78,103,53,45,22,Japón
565,Carracosta,Water/Rock,495,74,108,133,83,65,32,Japón
566,Archen,Rock/Flying,401,55,112,45,74,45,70,Francia
567,Archeops,Rock/Flying,567,75,140,65,112,65,110,Argentina
568,Trubbish,Poison,329,50,50,62,40,62,65,Francia
569,Garbodor,Poison,474,80,95,82,60,82,75,Francia
570,Zorua,Dark,330,40,65,40,80,40,65,Argentina
570,Zorua,Normal/Ghost,330,35,60,40,85,40,70,Francia
571,Zoroark,Dark,510,60,105,60,120,60,105,India
571,Zoroark,Normal/Ghost,510,55,100,60,125,60,110,India
572,Minccino,Normal,300,55,50,40,40,40,75,China
573,Cinccino,Normal,470,75,95,60,65,60,115,Argentina
574,Gothita,Psychic,290,45,30,50,55,65,45,Canadá
575,Gothorita,Psychic,390,60,45,70,75,85,55,Sudáfrica
576,Gothitelle,Psychic,490,70,55,95,95,110,65,China
577,Solosis,Psychic,290,45,30,40,105,50,20,Rusia
578,Duosion,Psychic,370,65,40,50,125,60,30,Canadá
579,Reuniclus,Psychic,490,110,65,75,125,85,30,Argentina
580,Ducklett,Water/Flying,305,62,44,50,44,50,55,Australia
581,Swanna,Water/Flying,473,75,87,63,87,63,98,Australia
582,Vanillite,Ice,305,36,50,50,65,60,44,China
583,Vanillish,Ice,395,51,65,65,80,75,59,China
584,Vanilluxe,Ice,535,71,95,85,110,95,79,Argentina
585,Deerling,Normal/Grass,335,60,60,50,40,50,75,Congo
586,Sawsbuck,Normal/Grass,475,80,100,70,60,70,95,Vietnam
587,Emolga,Electric/Flying,428,55,75,60,75,60,103,Estados Unidos
588,Karrablast,Bug,315,50,75,45,40,45,60,Francia
589,Escavalier,Bug/Steel,495,70,135,105,60,105,20,Argentina
590,Foongus,Grass/Poison,294,69,55,45,55,55,15,Congo
591,Amoonguss,Grass/Poison,464,114,85,70,85,80,30,Congo
592,Frillish,Water/Ghost,335,55,40,50,65,85,40,Brasil
593,Jellicent,Water/Ghost,480,100,60,70,85,105,60,Brasil
594,Alomomola,Water,470,165,75,80,40,45,65,Australia
595,Joltik,Bug/Electric,319,50,47,50,57,50,65,Alemania
596,Galvantula,Bug/Electric,472,70,77,60,97,60,108,Alemania
597,Ferroseed,Grass/Steel,305,44,50,91,24,86,10,Costa Rica
598,Ferrothorn,Grass/Steel,489,74,94,131,54,116,20,Colombia
599,Klink,Steel,300,40,55,70,45,60,30,India
600,Klang,Steel,440,60,80,95,70,85,50,India
601,Klinklang,Steel,520,60,100,115,70,85,90,Sudáfrica
602,Tynamo,Electric,275,35,55,40,45,40,60,Estados Unidos
603,Eelektrik,Electric,405,65,85,70,75,70,40,Corea del Sur
604,Eelektross,Electric,515,85,115,80,105,80,50,Estados Unidos
605,Elgyem,Psychic,335,55,55,55,85,55,30,Canadá
606,Beheeyem,Psychic,485,75,75,75,125,95,40,China
607,Litwick,Ghost/Fire,275,50,30,55,65,55,20,Egipto
608,Lampent,Ghost/Fire,370,60,40,60,95,60,55,Egipto
609,Chandelure,Ghost/Fire,520,60,55,90,145,90,80,Egipto
610,Axew,Dragon,320,46,87,60,30,40,57,Canadá
611,Fraxure,Dragon,410,66,117,70,40,50,67,Argentina
612,Haxorus,Dragon,540,76,147,90,60,70,97,India
613,Cubchoo,Ice,305,55,70,40,60,40,40,Francia
614,Beartic,Ice,505,95,130,80,70,80,50,India
615,Cryogonal,Ice,515,80,50,50,95,135,105,Francia
616,Shelmet,Bug,305,50,40,85,40,65,25,Canadá
617,Accelgor,Bug,495,80,70,40,100,60,145,Canadá
618,Stunfisk,Ground/Electric,471,109,66,84,81,99,32,Corea del Sur
618,Stunfisk,Ground/Steel,471,109,81,99,66,84,32,Sudáfrica
619,Mienfoo,Fighting,350,45,85,50,55,50,65,China
620,Mienshao,Fighting,510,65,125,60,95,60,105,China
621,Druddigon,Dragon,485,77,120,90,60,90,48,Argentina
622,Golett,Ground/Ghost,303,59,74,50,35,50,35,Argentina
623,Golurk,Ground/Ghost,483,89,124,80,55,80,55,Sudáfrica
624,Pawniard,Dark/Steel,340,45,85,70,40,40,60,Canadá
625,Bisharp,Dark/Steel,490,65,125,100,60,70,70,Francia
626,Bouffalant,Normal,490,95,110,95,40,95,55,Canadá
627,Rufflet,Normal/Flying,350,70,83,50,37,50,60,Francia
628,Braviary,Normal/Flying,510,100,123,75,57,75,80,Rusia
628,Braviary,Psychic/Flying,510,110,83,70,112,70,65,Sudáfrica
629,Vullaby,Dark/Flying,370,70,55,75,45,65,60,Sudáfrica
630,Mandibuzz,Dark/Flying,510,110,65,105,55,95,80,Sudáfrica
631,Heatmor,Fire,484,85,97,66,105,66,65,México
632,Durant,Bug/Steel,484,58,109,112,48,48,109,Canadá
633,Deino,Dark/Dragon,300,52,65,50,45,50,38,Francia
634,Zweilous,Dark/Dragon,420,72,85,70,65,70,58,Francia
635,Hydreigon,Dark/Dragon,600,92,105,90,125,90,98,Argentina
636,Larvesta,Bug/Fire,360,55,85,55,50,55,60,Egipto
637,Volcarona,Bug/Fire,550,85,60,65,135,105,100,Egipto
638,Cobalion,Steel/Fighting,580,91,90,129,90,72,108,Argentina
639,Terrakion,Rock/Fighting,580,91,129,90,72,90,108,China
640,Virizion,Grass/Fighting,580,91,90,72,90,129,108,Vietnam
641,Tornadus,Flying,580,79,115,70,125,80,111,Rusia
641,Tornadus,Flying,580,79,100,80,110,90,121,Rusia
642,Thundurus,Electric/Flying,580,79,115,70,125,80,111,Alemania
642,Thundurus,Electric/Flying,580,79,105,70,145,80,101,Corea del Sur
643,Reshiram,Dragon/Fire,680,100,120,100,150,120,90,México
644,Zekrom,Dragon/Electric,680,100,150,120,120,100,90,Alemania
645,Landorus,Ground/Flying,600,89,125,90,115,80,101,Argentina
645,Landorus,Ground/Flying,600,89,145,90,105,80,91,Argentina
646,Kyurem,Dragon/Ice,660,125,130,90,130,90,95,Argentina
646,Kyurem,Dragon/Ice,700,125,120,90,170,100,95,Canadá
646,Kyurem,Dragon/Ice,700,125,170,100,120,90,95,India
647,Keldeo,Water/Fighting,580,91,72,90,129,90,108,Filipinas
647,Keldeo,Water/Fighting,580,91,72,90,129,90,108,Filipinas
648,Meloetta,Normal/Psychic,600,100,77,77,128,128,90,India
648,Meloetta,Normal/Fighting,600,100,128,90,77,77,128,Canadá
649,Genesect,Bug/Steel,600,71,120,95,120,95,99,Sudáfrica
650,Chespin,Grass,313,56,61,65,48,45,38,Costa Rica
651,Quilladin,Grass,405,61,78,95,56,58,57,Colombia
652,Chesnaught,Grass/Fighting,530,88,107,122,74,75,64,Congo
653,Fennekin,Fire,307,40,45,40,62,60,60,España
654,Braixen,Fire,409,59,59,58,90,70,73,México
655,Delphox,Fire/Psychic,534,75,69,72,114,100,104,México
656,Froakie,Water,314,41,56,40,62,44,71,Japón
657,Frogadier,Water,405,54,63,52,83,56,97,Filipinas
658,Greninja,Water/Dark,530,72,95,67,103,71,122,Filipinas
658,Greninja,Water/Dark,640,72,145,67,153,71,132,Brasil
659,Bunnelby,Normal,237,38,36,38,32,36,57,Francia
660,Diggersby,Normal/Ground,423,85,56,77,50,77,78,Argentina
661,Fletchling,Normal/Flying,278,45,50,43,40,38,62,Canadá
662,Fletchinder,Fire/Flying,382,62,73,55,56,52,84,España
663,Talonflame,Fire/Flying,499,78,81,71,74,69,126,España
664,Scatterbug,Bug,200,38,35,40,27,25,35,Sudáfrica
665,Spewpa,Bug,213,45,22,60,27,30,29,Canadá
666,Vivillon,Bug/Flying,411,80,52,50,90,50,89,Francia
667,Litleo,Fire/Normal,369,62,50,58,73,54,72,México
668,Pyroar,Fire/Normal,507,86,68,72,109,66,106,Italia
669,Flabébé,Fairy,303,44,38,39,61,79,42,China
670,Floette,Fairy,371,54,45,47,75,98,52,Argentina
671,Florges,Fairy,552,78,65,68,112,154,75,Rusia
672,Skiddo,Grass,350,66,65,48,62,57,52,Congo
673,Gogoat,Grass,531,123,100,62,97,81,68,Costa Rica
674,Pancham,Fighting,348,67,82,62,46,48,43,Argentina
675,Pangoro,Fighting/Dark,495,95,124,78,69,71,58,Canadá
676,Furfrou,Normal,472,75,80,60,65,90,102,Sudáfrica
677,Espurr,Psychic,355,62,48,54,63,60,68,Sudáfrica
678,Meowstic,Psychic,466,74,48,76,83,81,104,Rusia
678,Meowstic,Psychic,466,74,48,76,83,81,104,China
679,Honedge,Steel/Ghost,325,45,80,100,35,37,28,Canadá
680,Doublade,Steel/Ghost,448,59,110,150,45,49,35,Argentina
681,Aegislash,Steel/Ghost,500,60,50,140,50,140,60,Rusia
681,Aegislash,Steel/Ghost,500,60,140,50,140,50,60,India
682,Spritzee,Fairy,341,78,52,60,63,65,23,India
683,Aromatisse,Fairy,462,101,72,72,99,89,29,Rusia
684,Swirlix,Fairy,341,62,48,66,59,57,49,Sudáfrica
685,Slurpuff,Fairy,480,82,80,86,85,75,72,China
686,Inkay,Dark/Psychic,288,53,54,53,37,46,45,China
687,Malamar,Dark/Psychic,482,86,92,88,68,75,73,Rusia
687,Malamar,Dark/Psychic,582,86,102,88,98,120,88,India
688,Binacle,Rock/Water,306,42,52,67,39,56,50,Brasil
689,Barbaracle,Rock/Water,500,72,105,115,54,86,68,Brasil
690,Skrelp,Poison/Water,320,50,60,60,60,60,30,Japón
691,Dragalge,Poison/Dragon,494,65,75,90,97,123,44,Canadá
692,Clauncher,Water,330,50,53,62,58,63,44,Filipinas
693,Clawitzer,Water,500,71,73,88,120,89,59,Filipinas
694,Helioptile,Electric/Normal,289,44,38,33,61,43,70,Alemania
695,Heliolisk,Electric/Normal,481,62,55,52,109,94,109,Corea del Sur
696,Tyrunt,Rock/Dragon,362,58,89,77,45,45,48,China
697,Tyrantrum,Rock/Dragon,521,82,121,119,69,59,71,India
698,Amaura,Rock/Ice,362,77,59,50,67,63,46,Sudáfrica
699,Aurorus,Rock/Ice,521,123,77,72,99,92,58,China
700,Sylveon,Fairy,525,95,65,65,110,130,60,Sudáfrica
701,Hawlucha,Fighting/Flying,500,78,92,75,74,63,118,Rusia
701,Hawlucha,Fighting/Flying,600,78,137,100,74,93,118,Sudáfrica
702,Dedenne,Electric/Fairy,431,67,58,57,81,67,101,Corea del Sur
703,Carbink,Rock/Fairy,500,50,50,150,50,150,50,China
704,Goomy,Dragon,300,45,50,35,55,75,40,Argentina
705,Sliggoo,Dragon,452,68,75,53,83,113,60,Sudáfrica
705,Sliggoo,Steel/Dragon,452,58,75,83,83,113,40,Canadá
706,Goodra,Dragon,600,90,100,70,110,150,80,Sudáfrica
706,Goodra,Steel/Dragon,600,80,100,100,110,150,60,Argentina
707,Klefki,Steel/Fairy,470,57,80,91,80,87,75,Francia
708,Phantump,Ghost/Grass,309,43,70,48,50,60,38,Vietnam
709,Trevenant,Ghost/Grass,474,85,110,76,65,82,56,Colombia
710,Pumpkaboo,Ghost/Grass,335,49,66,70,44,55,51,Vietnam
710,Pumpkaboo,Ghost/Grass,335,44,66,70,44,55,56,Congo
710,Pumpkaboo,Ghost/Grass,335,54,66,70,44,55,46,Vietnam
710,Pumpkaboo,Ghost/Grass,335,59,66,70,44,55,41,Congo
711,Gourgeist,Ghost/Grass,494,65,90,122,58,75,84,Costa Rica
711,Gourgeist,Ghost/Grass,494,55,85,122,58,75,99,Costa Rica
711,Gourgeist,Ghost/Grass,494,75,95,122,58,75,69,Costa Rica
711,Gourgeist,Ghost/Grass,494,85,100,122,58,75,54,Costa Rica
712,Bergmite,Ice,304,55,69,85,32,35,28,Francia
713,Avalugg,Ice,514,95,117,184,44,46,28,China
713,Avalugg,Ice/Rock,514,95,127,184,34,36,38,Sudáfrica
714,Noibat,Flying/Dragon,245,40,30,35,45,40,55,China
715,Noivern,Flying/Dragon,535,85,70,80,97,80,123,Sudáfrica
716,Xerneas,Fairy,680,126,131,95,131,98,99,China
717,Yveltal,Dark/Flying,680,126,131,95,131,98,99,Argentina
718,Zygarde,Dragon/Ground,600,108,100,121,81,95,95,India
718,Zygarde,Dragon/Ground,486,54,100,71,61,85,115,Canadá
718,Zygarde,Dragon/Ground,708,216,100,121,91,95,85,Argentina
719,Diancie,Rock/Fairy,600,50,100,150,100,150,50,Francia
719,Diancie,Rock/Fairy,700,50,160,110,160,110,110,Sudáfrica
720,Hoopa,Psychic/Ghost,600,80,110,60,150,130,70,Sudáfrica
720,Hoopa,Psychic/Dark,680,80,160,60,170,130,80,Argentina
721,Volcanion,Fire/Water,600,80,110,120,130,90,70,México
722,Rowlet,Grass/Flying,320,68,55,55,50,50,42,Congo
723,Dartrix,Grass/Flying,420,78,75,75,70,70,52,Vietnam
724,Decidueye,Grass/Ghost,530,78,107,75,100,100,70,Congo
724,Decidueye,Grass/Fighting,530,88,112,80,95,95,60,Congo
725,Litten,Fire,320,45,65,40,60,40,70,España
726,Torracat,Fire,420,65,85,50,80,50,90,México
727,Incineroar,Fire/Dark,530,95,115,90,80,90,60,Italia
728,Popplio,Water,320,50,54,54,66,56,40,Brasil
729,Brionne,Water,420,60,69,69,91,81,50,Australia
730,Primarina,Water/Fairy,530,80,74,74,126,116,60,Filipinas
731,Pikipek,Normal/Flying,265,35,75,30,30,30,65,Francia
732,Trumbeak,Normal/Flying,355,55,85,50,40,50,75,China
733,Toucannon,Normal/Flying,485,80,120,75,75,75,60,Canadá
734,Yungoos,Normal,253,48,70,30,30,30,45,Canadá
735,Gumshoos,Normal,418,88,110,60,55,60,45,India
736,Grubbin,Bug,300,47,62,45,55,45,46,Rusia
737,Charjabug,Bug/Electric,400,57,82,95,55,75,36,Alemania
738,Vikavolt,Bug/Electric,500,77,70,90,145,75,43,Alemania
739,Crabrawler,Fighting,338,47,82,57,42,47,63,Rusia
740,Crabominable,Fighting/Ice,478,97,132,77,62,67,43,Canadá
741,Oricorio,Fire/Flying,476,75,70,70,98,70,93,Italia
741,Oricorio,Electric/Flying,476,75,70,70,98,70,93,Estados Unidos
741,Oricorio,Psychic/Flying,476,75,70,70,98,70,93,Francia
741,Oricorio,Ghost/Flying,476,75,70,70,98,70,93,Rusia
742,Cutiefly,Bug/Fairy,304,40,45,40,55,40,84,Canadá
743,Ribombee,Bug/Fairy,464,60,55,60,95,70,124,Francia
744,Rockruff,Rock,280,45,65,40,30,40,60,India
744,Rockruff,Rock,280,45,65,40,30,40,60,Sudáfrica
745,Lycanroc,Rock,487,75,115,65,55,65,112,India
745,Lycanroc,Rock,487,85,115,75,55,75,82,Argentina
745,Lycanroc,Rock,487,75,117,65,55,65,110,India
746,Wishiwashi,Water,175,45,20,20,25,25,40,Australia
746,Wishiwashi,Water,620,45,140,130,140,135,30,Japón
747,Mareanie,Poison/Water,305,50,53,62,43,52,45,Brasil
748,Toxapex,Poison/Water,495,50,63,152,53,142,35,Brasil
749,Mudbray,Ground,385,70,100,70,45,55,45,India
750,Mudsdale,Ground,500,100,125,100,55,85,35,China
751,Dewpider,Water/Bug,269,38,40,52,40,72,27,Filipinas
752,Araquanid,Water/Bug,454,68,70,92,50,132,42,Australia
753,Fomantis,Grass,250,40,55,35,50,35,35,Costa Rica
754,Lurantis,Grass,480,70,105,90,80,90,45,Colombia
755,Morelull,Grass/Fairy,285,40,35,55,65,75,15,Vietnam
756,Shiinotic,Grass/Fairy,405,60,45,80,90,100,30,Costa Rica
757,Salandit,Poison/Fire,320,48,44,40,71,40,77,Italia
758,Salazzle,Poison/Fire,480,68,64,60,111,60,117,España
759,Stufful,Normal/Fighting,340,70,75,50,45,50,50,China
760,Bewear,Normal/Fighting,500,120,125,80,55,60,60,Argentina
761,Bounsweet,Grass,210,42,30,38,30,38,32,Colombia
762,Steenee,Grass,290,52,40,48,40,48,62,Costa Rica
763,Tsareena,Grass,510,72,120,98,50,98,72,Colombia
764,Comfey,Fairy,485,51,52,90,82,110,100,Argentina
765,Oranguru,Normal/Psychic,490,90,60,80,90,110,60,Argentina
766,Passimian,Fighting,490,100,120,90,40,60,80,India
767,Wimpod,Bug/Water,230,25,35,40,20,30,80,Japón
768,Golisopod,Bug/Water,530,75,125,140,60,90,40,Brasil
769,Sandygast,Ghost/Ground,320,55,55,80,70,45,15,Argentina
770,Palossand,Ghost/Ground,480,85,75,110,100,75,35,Sudáfrica
771,Pyukumuku,Water,410,55,60,130,30,130,5,Japón
772,Type: Null,Normal,534,95,95,95,95,95,59,India
773,Silvally,Normal,570,95,95,95,95,95,95,Canadá
774,Minior,Rock/Flying,440,60,60,100,60,100,60,China
774,Minior,Rock/Flying,500,60,100,60,100,60,120,Francia
775,Komala,Normal,480,65,115,65,75,95,65,China
776,Turtonator,Fire/Dragon,485,60,78,135,91,85,36,España
777,Togedemaru,Electric/Steel,435,65,98,63,40,73,96,Estados Unidos
778,Mimikyu,Ghost/Fairy,476,55,90,80,50,105,96,Argentina
779,Bruxish,Water/Psychic,475,68,105,70,70,70,92,Australia
780,Drampa,Normal/Dragon,485,78,60,85,135,91,36,India
781,Dhelmise,Ghost/Grass,517,70,131,100,86,90,40,Congo
782,Jangmo-o,Dragon,300,45,55,65,45,45,45,India
783,Hakamo-o,Dragon/Fighting,420,55,75,90,65,70,65,Canadá
784,Kommo-o,Dragon/Fighting,600,75,110,125,100,105,85,Canadá
785,Tapu Koko,Electric/Fairy,570,70,115,85,95,75,130,Alemania
786,Tapu Lele,Psychic/Fairy,570,70,85,75,130,115,95,China
787,Tapu Bulu,Grass/Fairy,570,70,130,115,85,95,75,Costa Rica
788,Tapu Fini,Water/Fairy,570,70,75,115,95,130,85,Brasil
789,Cosmog,Psychic,200,43,29,31,29,31,37,India
790,Cosmoem,Psychic,400,43,29,131,29,131,37,Francia
791,Solgaleo,Psychic/Steel,680,137,137,107,113,89,97,India
792,Lunala,Psychic/Ghost,680,137,113,89,137,107,97,Canadá
793,Nihilego,Rock/Poison,570,109,53,47,127,131,103,Francia
794,Buzzwole,Bug/Fighting,570,107,139,139,53,53,79,China
795,Pheromosa,Bug/Fighting,570,71,137,37,137,37,151,China
796,Xurkitree,Electric,570,83,89,71,173,71,83,Corea del Sur
797,Celesteela,Steel/Flying,570,97,101,103,107,101,61,Argentina
798,Kartana,Grass/Steel,570,59,181,131,59,31,109,Colombia
799,Guzzlord,Dark/Dragon,570,223,101,53,97,53,43,China
800,Necrozma,Psychic,600,97,107,101,127,89,79,Argentina
800,Necrozma,Psychic/Steel,680,97,157,127,113,109,77,India
800,Necrozma,Psychic/Ghost,680,97,113,109,157,127,77,India
800,Necrozma,Psychic/Dragon,754,97,167,97,167,97,129,China
801,Magearna,Steel/Fairy,600,80,95,115,130,115,65,Francia
802,Marshadow,Fighting/Ghost,600,90,125,80,90,90,125,Francia
803,Poipole,Poison,420,67,73,67,73,67,73,Argentina
804,Naganadel,Poison/Dragon,540,73,73,73,127,73,121,Sudáfrica
805,Stakataka,Rock/Steel,570,61,131,211,53,101,13,Rusia
806,Blacephalon,Fire/Ghost,570,53,127,53,151,79,107,Italia
807,Zeraora,Electric,600,88,112,75,102,80,143,Estados Unidos
808,Meltan,Steel,300,46,65,65,55,35,34,Argentina
809,Melmetal,Steel,600,135,143,143,80,65,34,Argentina
810,Grookey,Grass,310,50,65,50,40,40,65,Vietnam
811,Thwackey,Grass,420,70,85,70,55,60,80,Congo
812,Rillaboom,Grass,530,100,125,90,60,70,85,Colombia
813,Scorbunny,Fire,310,50,71,40,40,40,69,México
814,Raboot,Fire,420,65,86,60,55,60,94,México
815,Cinderace,Fire,530,80,116,75,65,75,119,España
816,Sobble,Water,310,50,40,40,70,40,70,Japón
817,Drizzile,Water,420,65,60,55,95,55,90,Australia
818,Inteleon,Water,530,70,85,65,125,65,120,Filipinas
819,Skwovet,Normal,275,70,55,55,35,35,25,China
820,Greedent,Normal,460,120,95,95,55,75,20,Argentina
821,Rookidee,Flying,245,38,47,35,33,35,57,China
822,Corvisquire,Flying,365,68,67,55,43,55,77,Canadá
823,Corviknight,Flying/Steel,495,98,87,105,53,85,67,China
824,Blipbug,Bug,180,25,20,20,25,45,45,China
825,Dottler,Bug/Psychic,335,50,35,80,50,90,30,Canadá
826,Orbeetle,Bug/Psychic,505,60,45,110,80,120,90,Sudáfrica
827,Nickit,Dark,245,40,28,28,47,52,50,Rusia
828,Thievul,Dark,455,70,58,58,87,92,90,Sudáfrica
829,Gossifleur,Grass,250,40,40,60,40,60,10,Vietnam
830,Eldegoss,Grass,460,60,50,90,80,120,60,Congo
831,Wooloo,Normal,270,42,40,55,40,45,48,Canadá
832,Dubwool,Normal,490,72,80,100,60,90,88,Argentina
833,Chewtle,Water,284,50,64,50,38,38,44,Japón
834,Drednaw,Water/Rock,485,90,115,90,48,68,74,Brasil
835,Yamper,Electric,270,59,45,50,40,50,26,Alemania
836,Boltund,Electric,490,69,90,60,90,60,121,Estados Unidos
837,Rolycoly,Rock,240,30,40,50,40,50,30,Francia
838,Carkol,Rock/Fire,410,80,60,90,60,70,50,México
839,Coalossal,Rock/Fire,510,110,80,120,80,90,30,España
840,Applin,Grass/Dragon,260,40,40,80,40,40,20,Costa Rica
841,Flapple,Grass/Dragon,485,70,110,80,95,60,70,Colombia
842,Appletun,Grass/Dragon,485,110,85,80,100,80,30,Colombia
843,Silicobra,Ground,315,52,57,75,35,50,46,India
844,Sandaconda,Ground,510,72,107,125,65,70,71,Francia
845,Cramorant,Flying/Water,475,70,85,55,85,95,85,Filipinas
846,Arrokuda,Water,280,41,63,40,40,30,66,Japón
847,Barraskewda,Water,490,61,123,60,60,50,136,Brasil
848,Toxel,Electric/Poison,242,40,38,35,54,35,40,Alemania
849,Toxtricity,Electric/Poison,502,75,98,70,114,70,75,Estados Unidos
849,Toxtricity,Electric/Poison,502,75,98,70,114,70,75,Alemania
850,Sizzlipede,Fire/Bug,305,50,65,45,50,50,45,España
851,Centiskorch,Fire/Bug,525,100,115,65,90,90,65,Egipto
852,Clobbopus,Fighting,310,50,68,60,50,50,32,China
853,Grapploct,Fighting,480,80,118,90,70,80,42,Canadá
854,Sinistea,Ghost,308,40,45,45,74,54,50,Sudáfrica
855,Polteageist,Ghost,508,60,65,65,134,114,70,Argentina
856,Hatenna,Psychic,265,42,30,45,56,53,39,Rusia
857,Hattrem,Psychic,370,57,40,65,86,73,49,China
858,Hatterene,Psychic/Fairy,510,57,90,95,136,103,29,China
859,Impidimp,Dark/Fairy,265,45,45,30,55,40,50,Francia
860,Morgrem,Dark/Fairy,370,65,60,45,75,55,70,Argentina
861,Grimmsnarl,Dark/Fairy,510,95,120,65,95,75,60,Canadá
862,Obstagoon,Dark/Normal,520,93,90,101,60,81,95,Canadá
863,Perrserker,Steel,440,70,110,100,50,60,50,Francia
864,Cursola,Ghost,510,60,95,50,145,130,30,Sudáfrica
865,Sirfetch'd,Fighting,507,62,135,95,68,82,65,Sudáfrica
866,Mr. Rime,Ice/Psychic,520,80,85,75,110,100,70,Francia
867,Runerigus,Ground/Ghost,483,58,95,145,50,105,30,Sudáfrica
868,Milcery,Fairy,270,45,40,40,50,61,34,China
869,Alcremie,Fairy,495,65,60,75,110,121,64,Argentina
870,Falinks,Fighting,470,65,100,100,70,60,75,Francia
871,Pincurchin,Electric,435,48,101,95,91,85,15,Alemania
872,Snom,Ice/Bug,185,30,25,35,45,30,20,Argentina
873,Frosmoth,Ice/Bug,475,70,65,60,125,90,65,Francia
874,Stonjourner,Rock,470,100,125,135,20,20,70,Argentina
875,Eiscue,Ice,470,75,80,110,65,90,50,Rusia
875,Eiscue,Ice,470,75,80,70,65,50,130,Argentina
876,Indeedee,Psychic/Normal,475,60,65,55,105,95,95,India
876,Indeedee,Psychic/Normal,475,70,55,65,95,105,85,Sudáfrica
877,Morpeko,Electric/Dark,436,58,95,58,70,58,97,Corea del Sur
877,Morpeko,Electric/Dark,436,58,95,58,70,58,97,Alemania
878,Cufant,Steel,330,72,80,49,40,49,40,Argentina
879,Copperajah,Steel,500,122,130,69,80,69,30,Canadá
880,Dracozolt,Electric/Dragon,505,90,100,90,80,70,75,Corea del Sur
881,Arctozolt,Electric/Ice,505,90,100,90,90,80,55,Alemania
882,Dracovish,Water/Dragon,505,90,90,100,70,80,75,Australia
883,Arctovish,Water/Ice,505,90,90,100,80,90,55,Brasil
884,Duraludon,Steel/Dragon,535,70,95,115,120,50,85,Rusia
885,Dreepy,Dragon/Ghost,270,28,60,30,40,30,82,Canadá
886,Drakloak,Dragon/Ghost,410,68,80,50,60,50,102,China
887,Dragapult,Dragon/Ghost,600,88,120,75,100,75,142,China
888,Zacian,Fairy,660,92,120,115,80,115,138,China
888,Zacian,Fairy/Steel,700,92,150,115,80,115,148,Canadá
889,Zamazenta,Fighting,660,92,120,115,80,115,138,Argentina
889,Zamazenta,Fighting/Steel,700,92,120,140,80,140,128,Francia
890,Eternatus,Poison/Dragon,690,140,85,95,145,95,130,Canadá
890,Eternatus,Poison/Dragon,1125,255,115,250,125,250,130,Rusia
891,Kubfu,Fighting,385,60,90,60,53,50,72,Sudáfrica
892,Urshifu,Fighting/Dark,550,100,130,100,63,60,97,Francia
892,Urshifu,Fighting/Water,550,100,130,100,63,60,97,Australia
893,Zarude,Dark/Grass,600,105,120,105,70,95,105,Congo
894,Regieleki,Electric,580,80,100,50,100,50,200,Estados Unidos
895,Regidrago,Dragon,580,200,100,50,100,50,80,Francia
896,Glastrier,Ice,580,100,145,130,65,110,30,India
897,Spectrier,Ghost,580,100,65,60,145,80,130,India
898,Calyrex,Psychic/Grass,500,100,80,80,80,80,80,Costa Rica
898,Calyrex,Psychic/Ice,680,100,165,150,85,130,50,Rusia
898,Calyrex,Psychic/Ghost,680,100,85,80,165,100,150,Rusia
899,Wyrdeer,Normal/Psychic,525,103,105,72,105,75,65,China
900,Kleavor,Bug/Rock,500,70,135,95,45,70,85,Sudáfrica
901,Ursaluna,Ground/Normal,550,130,140,105,45,80,50,China
901,Ursaluna,Ground/Normal,555,113,70,120,135,65,52,China
902,Basculegion,Water/Ghost,530,120,112,65,80,75,78,Filipinas
902,Basculegion,Water/Ghost,530,120,92,65,100,75,78,Filipinas
903,Sneasler,Fighting/Poison,510,80,130,60,40,80,120,Sudáfrica
904,Overqwil,Dark/Poison,510,85,115,95,65,65,85,Sudáfrica
905,Enamorus,Fairy/Flying,580,74,115,70,135,80,106,Francia
905,Enamorus,Fairy/Flying,580,74,115,110,135,100,46,Canadá
906,Sprigatito,Grass,310,40,61,54,45,45,65,Congo
907,Floragato,Grass,410,61,80,63,60,63,83,Congo
908,Meowscarada,Grass/Dark,530,76,110,70,81,70,123,Costa Rica
909,Fuecoco,Fire,310,67,45,59,63,40,36,México
910,Crocalor,Fire,411,81,55,78,90,58,49,Italia
911,Skeledirge,Fire/Ghost,530,104,75,100,110,75,66,México
912,Quaxly,Water,310,55,65,45,50,45,50,Japón
913,Quaxwell,Water,410,70,85,65,65,60,65,Australia
914,Quaquaval,Water/Fighting,530,85,120,80,85,75,85,Australia
915,Lechonk,Normal,254,54,45,40,35,45,35,Argentina
916,Oinkologne,Normal,489,110,100,75,59,80,65,India
916,Oinkologne,Normal,489,115,90,70,59,90,65,Rusia
917,Tarountula,Bug,210,35,41,45,29,40,20,Rusia
918,Spidops,Bug,404,60,79,92,52,86,35,India
919,Nymble,Bug,210,33,46,40,21,25,45,Sudáfrica
920,Lokix,Bug/Dark,450,71,102,78,52,55,92,Argentina
921,Pawmi,Electric,240,45,50,20,40,25,60,Corea del Sur
922,Pawmo,Electric/Fighting,350,60,75,40,50,40,85,Estados Unidos
923,Pawmot,Electric/Fighting,490,70,115,70,70,60,105,Estados Unidos
924,Tandemaus,Normal,305,50,50,45,40,45,75,India
925,Maushold,Normal,470,74,75,70,65,75,111,Rusia
925,Maushold,Normal,470,74,75,70,65,75,111,Sudáfrica
926,Fidough,Fairy,312,37,55,70,30,55,65,Argentina
927,Dachsbun,Fairy,477,57,80,115,50,80,95,Argentina
928,Smoliv,Grass/Normal,260,41,35,45,58,51,30,Congo
929,Dolliv,Grass/Normal,354,52,53,60,78,78,33,Vietnam
930,Arboliva,Grass/Normal,510,78,69,90,125,109,39,Colombia
931,Squawkabilly,Normal/Flying,417,82,96,51,45,51,92,Rusia
931,Squawkabilly,Normal/Flying,417,82,96,51,45,51,92,Francia
931,Squawkabilly,Normal/Flying,417,82,96,51,45,51,92,India
931,Squawkabilly,Normal/Flying,417,82,96,51,45,51,92,China
932,Nacli,Rock,280,55,55,75,35,35,25,Argentina
933,Naclstack,Rock,355,60,60,100,35,65,35,China
934,Garganacl,Rock,500,100,100,130,45,90,35,Rusia
935,Charcadet,Fire,255,40,50,40,50,40,35,España
936,Armarouge,Fire/Psychic,525,85,60,100,125,80,75,Italia
937,Ceruledge,Fire/Ghost,525,75,125,80,60,100,85,Italia
938,Tadbulb,Electric,272,61,31,41,59,35,45,Alemania
939,Bellibolt,Electric,495,109,64,91,103,83,45,Alemania
940,Wattrel,Electric/Flying,280,40,40,35,55,40,70,Alemania
941,Kilowattrel,Electric/Flying,490,70,70,60,105,60,125,Alemania
942,Maschiff,Dark,340,60,78,60,40,51,51,Francia
943,Mabosstiff,Dark,505,80,120,90,60,70,85,China
944,Shroodle,Poison/Normal,290,40,65,35,40,35,75,China
945,Grafaiai,Poison/Normal,485,63,95,65,80,72,110,India
946,Bramblin,Grass/Ghost,275,40,65,30,45,35,60,Congo
947,Brambleghast,Grass/Ghost,480,55,115,70,80,70,90,Colombia
948,Toedscool,Ground/Grass,335,40,40,35,50,100,70,Vietnam
949,Toedscruel,Ground/Grass,515,80,70,65,80,120,100,Colombia
950,Klawf,Rock,450,70,100,115,35,55,75,Argentina
951,Capsakid,Grass,304,50,62,40,62,40,50,Vietnam
952,Scovillain,Grass/Fire,486,65,108,65,108,65,75,Egipto
953,Rellor,Bug,270,41,50,60,31,58,30,Sudáfrica
954,Rabsca,Bug/Psychic,470,75,50,85,115,100,45,China
955,Flittle,Psychic,255,30,35,30,55,30,75,India
956,Espathra,Psychic,481,95,60,60,101,60,105,India
957,Tinkatink,Fairy/Steel,297,50,45,45,35,64,58,Rusia
958,Tinkatuff,Fairy/Steel,380,65,55,55,45,82,78,Sudáfrica
959,Tinkaton,Fairy/Steel,506,85,75,77,70,105,94,India
960,Wiglett,Water,245,10,55,25,35,25,95,Filipinas
961,Wugtrio,Water,425,35,100,50,50,70,120,Filipinas
962,Bombirdier,Flying/Dark,485,70,103,85,60,85,82,India
963,Finizen,Water,315,70,45,40,45,40,75,Japón
964,Palafin,Water,457,100,70,72,53,62,100,Japón
964,Palafin,Water,650,100,160,97,106,87,100,Australia
965,Varoom,Steel/Poison,300,45,70,63,30,45,47,Canadá
966,Revavroom,Steel/Poison,500,80,119,90,54,67,90,China
967,Cyclizar,Dragon/Normal,501,70,95,65,85,65,121,Argentina
968,Orthworm,Steel,480,70,85,145,60,55,65,Sudáfrica
969,Glimmet,Rock/Poison,350,48,35,42,105,60,60,Canadá
970,Glimmora,Rock/Poison,525,83,55,90,130,81,86,China
971,Greavard,Ghost,290,50,61,60,30,55,34,Rusia
972,Houndstone,Ghost,488,72,101,100,50,97,68,Argentina
973,Flamigo,Flying/Fighting,500,82,115,74,75,64,90,Francia
974,Cetoddle,Ice,334,108,68,45,30,40,43,Francia
975,Cetitan,Ice,521,170,113,65,45,55,73,Canadá
976,Veluza,Water/Psychic,478,90,102,73,78,65,70,Filipinas
977,Dondozo,Water,530,150,100,115,65,65,35,Brasil
978,Tatsugiri,Dragon/Water,475,68,50,60,120,95,82,Australia
978,Tatsugiri,Dragon/Water,475,68,50,60,120,95,82,Australia
978,Tatsugiri,Dragon/Water,475,68,50,60,120,95,82,Filipinas
979,Annihilape,Fighting/Ghost,535,110,115,80,50,90,90,Sudáfrica
980,Clodsire,Poison/Ground,430,130,75,60,45,100,20,Rusia
981,Farigiraf,Normal/Psychic,520,120,90,70,110,70,60,Sudáfrica
982,Dudunsparce,Normal,520,125,100,80,85,75,55,China
982,Dudunsparce,Normal,520,125,100,80,85,75,55,Canadá
983,Kingambit,Dark/Steel,550,100,135,120,60,85,50,Sudáfrica
984,Great Tusk,Ground/Fighting,570,115,131,131,53,53,87,Sudáfrica
985,Scream Tail,Fairy/Psychic,570,115,65,99,65,115,111,Rusia
986,Brute Bonnet,Grass/Dark,570,111,127,99,79,99,55,Costa Rica
987,Flutter Mane,Ghost/Fairy,570,55,55,55,135,135,135,Sudáfrica
988,Slither Wing,Bug/Fighting,570,85,135,79,85,105,81,China
989,Sandy Shocks,Electric/Ground,570,85,81,97,121,85,101,Corea del Sur
990,Iron Treads,Ground/Steel,570,90,112,120,72,70,106,India
991,Iron Bundle,Ice/Water,570,56,80,114,124,60,136,Japón
992,Iron Hands,Fighting/Electric,570,154,140,108,50,68,50,Estados Unidos
993,Iron Jugulis,Dark/Flying,570,94,80,86,122,80,108,India
994,Iron Moth,Fire/Poison,570,80,70,60,140,110,110,Egipto
995,Iron Thorns,Rock/Electric,570,100,134,110,70,84,72,Corea del Sur
996,Frigibax,Dragon/Ice,320,65,75,45,35,45,55,China
997,Arctibax,Dragon/Ice,423,90,95,66,45,65,62,Canadá
998,Baxcalibur,Dragon/Ice,600,115,145,92,75,86,87,Francia
999,Gimmighoul,Ghost,300,45,30,70,75,70,10,China
999,Gimmighoul,Ghost,300,45,30,25,75,45,80,Francia
1000,Gholdengo,Steel/Ghost,550,87,60,95,133,91,84,Argentina
1001,Wo-Chien,Dark/Grass,570,85,85,100,95,135,70,Colombia
1002,Chien-Pao,Dark/Ice,570,80,120,80,90,65,135,China
1003,Ting-Lu,Dark/Ground,570,155,110,125,55,80,45,India
1004,Chi-Yu,Dark/Fire,570,55,80,80,135,120,100,Egipto
1005,Roaring Moon,Dragon/Dark,590,105,139,71,55,101,119,Argentina
1006,Iron Valiant,Fairy/Fighting,590,74,130,90,120,60,116,Rusia
1007,Koraidon,Fighting/Dragon,670,100,135,115,85,100,135,India
1008,Miraidon,Electric/Dragon,670,100,85,100,135,115,135,Estados Unidos
1009,Walking Wake,Water/Dragon,590,99,83,91,125,83,109,Brasil
1010,Iron Leaves,Grass/Psychic,590,90,130,88,70,108,104,Colombia
1011,Dipplin,Grass/Dragon,485,80,80,110,95,80,40,Colombia
1012,Poltchageist,Grass/Ghost,308,40,45,45,74,54,50,Colombia
1013,Sinistcha,Grass/Ghost,508,71,60,106,121,80,70,Costa Rica
1014,Okidogi,Poison/Fighting,555,88,128,115,58,86,80,Canadá
1015,Munkidori,Poison/Psychic,555,88,75,66,130,90,106,China
1016,Fezandipiti,Poison/Fairy,555,88,91,82,70,125,99,China
1017,Ogerpon,Grass,550,80,120,84,60,96,110,Vietnam
1017,Ogerpon,Grass/Water,550,80,120,84,60,96,110,Japón
1017,Ogerpon,Grass/Fire,550,80,120,84,60,96,110,España
1017,Ogerpon,Grass/Rock,550,80,120,84,60,96,110,Congo
1018,Archaludon,Steel/Dragon,600,90,105,130,125,65,85,Sudáfrica
1019,Hydrapple,Grass/Dragon,540,106,80,110,120,80,44,Vietnam
1020,Gouging Fire,Fire/Dragon,590,105,115,121,65,93,91,Egipto
1021,Raging Bolt,Electric/Dragon,590,125,73,91,137,89,75,Corea del Sur
1022,Iron Boulder,Rock/Psychic,590,90,120,80,68,108,124,Sudáfrica
1023,Iron Crown,Steel/Psychic,590,90,72,100,122,108,98,Francia
1024,Terapagos,Normal,450,90,65,85,65,85,60,Argentina
1024,Terapagos,Normal,600,95,95,110,105,110,85,Canadá
1024,Terapagos,Normal,700,160,105,110,130,110,85,Canadá
1025,Pecharunt,Poison/Ghost,600,88,88,160,88,88,88,Rusia
